timestamp,icao24,callsign,lat,lon,altitude_ft,velocity_kts,heading_deg
2026-09-01T04:00:00Z,78019A,KJ500,21.5,117.8,24000,380,110
2026-09-01T04:05:00Z,78019A,KJ500,21.8,118.2,24000,385,112
2026-09-01T04:10:00Z,78019A,KJ500,22.0,118.8,24200,390,115
2026-09-01T04:15:00Z,78019A,KJ500,22.1,119.3,24000,380,105
2026-09-01T04:20:00Z,78019A,KJ500,22.0,119.8,24100,382,190
2026-09-01T04:25:00Z,78019A,KJ500,21.7,119.4,24000,385,250
2026-09-01T04:30:00Z,78019A,KJ500,21.4,118.6,24000,390,260
2026-09-01T04:35:00Z,78019A,KJ500,21.2,117.6,24000,388,270
2026-09-01T04:00:00Z,400A1B,BAW123,25.2,121.5,35000,450,45
2026-09-01T04:05:00Z,400A1B,BAW123,25.6,122.1,35000,452,45
2026-09-01T04:10:00Z,400A1B,BAW123,26.0,122.8,35000,451,46
